[{"model": "closet.fashionista", "pk": 1, "fields": {"user": 2, "bio": "Is deathly allergic to horses"}}, {"model": "closet.fashionista", "pk": 2, "fields": {"user": 3, "bio": "Is literally a horse"}}, {"model": "closet.garment", "pk": 1, "fields": {"name": "Green Flannel Trousers", "owner": 3, "purchase_date": "2022-11-08", "purchase_price": 80.0, "deaq_date": null, "deaq_price": 0.0}}, {"model": "closet.garment", "pk": 2, "fields": {"name": "Black Beret", "owner": 3, "purchase_date": "2018-04-05", "purchase_price": 20.0, "deaq_date": null, "deaq_price": 0.0}}, {"model": "closet.garment", "pk": 3, "fields": {"name": "Flannel Shirt", "owner": 3, "purchase_date": "2005-04-05", "purchase_price": 30.0, "deaq_date": "2020-11-20", "deaq_price": 0.0}}, {"model": "closet.garment", "pk": 4, "fields": {"name": "Navy Trousers", "owner": 2, "purchase_date": "2022-11-08", "purchase_price": 10.0, "deaq_date": null, "deaq_price": 0.0}}, {"model": "closet.garment", "pk": 6, "fields": {"name": "Bluest Jeans", "owner": 3, "purchase_date": "2022-11-03", "purchase_price": 2000.0, "deaq_date": null, "deaq_price": 0.0}}, {"model": "closet.garment", "pk": 7, "fields": {"name": "Bluer Jeans", "owner": 3, "purchase_date": "2022-11-09", "purchase_price": 200.0, "deaq_date": "2022-11-25", "deaq_price": 0.0}}, {"model": "closet.garment", "pk": 8, "fields": {"name": "Blue Jeans", "owner": 3, "purchase_date": "2022-11-03", "purchase_price": 100.0, "deaq_date": null, "deaq_price": 0.0}}, {"model": "closet.garment", "pk": 10, "fields": {"name": "Denim Overalls", "owner": 3, "purchase_date": "2018-12-25", "purchase_price": 40.0, "deaq_date": "2022-11-29", "deaq_price": 0.0}}, {"model": "closet.garment", "pk": 11, "fields": {"name": "Calico Shirt", "owner": 3, "purchase_date": "2016-04-05", "purchase_price": 0.0, "deaq_date": "2022-11-23", "deaq_price": 0.0}}, {"model": "closet.garment", "pk": 12, "fields": {"name": "pantaloons", "owner": 3, "purchase_date": "2022-11-08", "purchase_price": 1.0, "deaq_date": null, "deaq_price": 0.0}}, {"model": "closet.garment", "pk": 13, "fields": {"name": "tee shirt", "owner": 3, "purchase_date": "2022-11-16", "purchase_price": 9.0, "deaq_date": "2022-11-23", "deaq_price": 0.0}}, {"model": "closet.garment", "pk": 14, "fields": {"name": "red socks", "owner": 3, "purchase_date": "2022-11-23", "purchase_price": 10.0, "deaq_date": null, "deaq_price": 0.0}}, {"model": "closet.garment", "pk": 15, "fields": {"name": "Overalls", "owner": 3, "purchase_date": "2018-12-25", "purchase_price": 40.0, "deaq_date": null, "deaq_price": 0.0}}, {"model": "closet.garment", "pk": 16, "fields": {"name": "brown socks", "owner": 3, "purchase_date": "2022-11-23", "purchase_price": 10.0, "deaq_date": null, "deaq_price": 0.0}}, {"model": "closet.garment", "pk": 17, "fields": {"name": "small pants", "owner": 3, "purchase_date": "2022-11-08", "purchase_price": 1.0, "deaq_date": "2022-11-23", "deaq_price": 0.0}}, {"model": "closet.garment", "pk": 18, "fields": {"name": "Navy v-neck sweater", "owner": 3, "purchase_date": "2015-10-01", "purchase_price": 40.0, "deaq_date": null, "deaq_price": 0.0}}, {"model": "closet.garment", "pk": 19, "fields": {"name": "slippers", "owner": 3, "purchase_date": "2020-04-05", "purchase_price": 100.0, "deaq_date": null, "deaq_price": 0.0}}, {"model": "closet.garment", "pk": 20, "fields": {"name": "Graphic Tee", "owner": 3, "purchase_date": "2020-01-01", "purchase_price": 60.0, "deaq_date": null, "deaq_price": 0.0}}, {"model": "closet.garment", "pk": 21, "fields": {"name": "Peugeot Jersey", "owner": 3, "purchase_date": "2021-12-25", "purchase_price": 0.0, "deaq_date": null, "deaq_price": 0.0}}, {"model": "closet.garment", "pk": 22, "fields": {"name": "Oatmeal yak shirt", "owner": 3, "purchase_date": "2018-10-01", "purchase_price": 60.0, "deaq_date": null, "deaq_price": 0.0}}, {"model": "closet.garment", "pk": 23, "fields": {"name": "Black nylon jack-shirt", "owner": 3, "purchase_date": "2020-05-20", "purchase_price": 0.0, "deaq_date": null, "deaq_price": 0.0}}, {"model": "closet.garment", "pk": 24, "fields": {"name": "Ticking-Stripe canvas jacket", "owner": 3, "purchase_date": "2019-09-01", "purchase_price": 0.0, "deaq_date": null, "deaq_price": 0.0}}, {"model": "closet.garment", "pk": 25, "fields": {"name": "Blue grid-dot shirt", "owner": 3, "purchase_date": "2018-04-01", "purchase_price": 60.0, "deaq_date": null, "deaq_price": 0.0}}, {"model": "closet.garment", "pk": 26, "fields": {"name": "Tan reenactor pants", "owner": 3, "purchase_date": "2021-03-16", "purchase_price": 60.0, "deaq_date": null, "deaq_price": 0.0}}, {"model": "closet.garmentwear", "pk": 2, "fields": {"garment": 2, "scan_date": "2022-11-09T20:28:22Z", "wearer": 1}}, {"model": "closet.garmentwear", "pk": 3, "fields": {"garment": 4, "scan_date": "2022-11-10T14:45:13Z", "wearer": 3}}, {"model": "closet.garmentwear", "pk": 4, "fields": {"garment": 3, "scan_date": "2022-11-09T14:52:46Z", "wearer": 1}}, {"model": "closet.garmentwear", "pk": 16, "fields": {"garment": 3, "scan_date": "2022-11-17T14:00:00Z", "wearer": 1}}, {"model": "closet.garmentwear", "pk": 17, "fields": {"garment": 1, "scan_date": "2022-11-17T14:00:00Z", "wearer": 1}}, {"model": "closet.garmentwear", "pk": 18, "fields": {"garment": 2, "scan_date": "2022-11-17T14:00:00Z", "wearer": 1}}, {"model": "closet.garmentwear", "pk": 19, "fields": {"garment": 2, "scan_date": "2022-11-16T22:11:51.765Z", "wearer": 1}}, {"model": "closet.garmentwear", "pk": 20, "fields": {"garment": 3, "scan_date": "2022-11-15T22:11:51.765Z", "wearer": 1}}, {"model": "closet.garmentwear", "pk": 21, "fields": {"garment": 1, "scan_date": "2022-11-14T22:11:51.765Z", "wearer": 1}}, {"model": "closet.garmentwear", "pk": 22, "fields": {"garment": 2, "scan_date": "2022-11-14T22:11:51.765Z", "wearer": 1}}, {"model": "closet.garmentwear", "pk": 23, "fields": {"garment": 3, "scan_date": "2022-11-14T22:11:51.765Z", "wearer": 1}}, {"model": "closet.garmentwear", "pk": 24, "fields": {"garment": 1, "scan_date": "2022-11-13T22:11:51.765Z", "wearer": 1}}, {"model": "closet.garmentwear", "pk": 25, "fields": {"garment": 2, "scan_date": "2022-11-13T22:11:51.765Z", "wearer": 1}}, {"model": "closet.garmentwear", "pk": 26, "fields": {"garment": 3, "scan_date": "2022-11-13T22:11:51.765Z", "wearer": 1}}, {"model": "closet.garmentwear", "pk": 27, "fields": {"garment": 2, "scan_date": "2022-11-12T22:11:51.765Z", "wearer": 1}}, {"model": "closet.garmentwear", "pk": 28, "fields": {"garment": 2, "scan_date": "2022-11-12T22:11:51.765Z", "wearer": 1}}, {"model": "closet.garmentwear", "pk": 29, "fields": {"garment": 3, "scan_date": "2022-11-11T22:11:51.765Z", "wearer": 1}}, {"model": "closet.garmentwear", "pk": 30, "fields": {"garment": 1, "scan_date": "2022-11-11T22:11:51Z", "wearer": 3}}, {"model": "closet.garmentwear", "pk": 31, "fields": {"garment": 2, "scan_date": "2022-11-10T22:11:51Z", "wearer": 3}}, {"model": "closet.garmentwear", "pk": 49, "fields": {"garment": 11, "scan_date": "2022-11-18T21:09:48Z", "wearer": 3}}, {"model": "closet.garmentwear", "pk": 61, "fields": {"garment": 10, "scan_date": "2022-11-23T19:45:19.676Z", "wearer": 3}}, {"model": "closet.garmentwear", "pk": 67, "fields": {"garment": 13, "scan_date": "2022-11-23T20:52:18.882Z", "wearer": 3}}, {"model": "closet.garmentwear", "pk": 74, "fields": {"garment": 17, "scan_date": "2022-11-23T23:42:05.832Z", "wearer": 3}}, {"model": "closet.garmentwear", "pk": 75, "fields": {"garment": 10, "scan_date": "2022-11-25T15:38:47.025Z", "wearer": 3}}, {"model": "closet.garmentwear", "pk": 76, "fields": {"garment": 14, "scan_date": "2022-11-25T15:40:51.726Z", "wearer": 3}}, {"model": "closet.garmentwear", "pk": 77, "fields": {"garment": 18, "scan_date": "2022-11-25T15:48:04.671Z", "wearer": 3}}, {"model": "closet.garmentwear", "pk": 79, "fields": {"garment": 2, "scan_date": "2022-11-25T20:22:32.082Z", "wearer": 3}}, {"model": "closet.garmentwear", "pk": 102, "fields": {"garment": 15, "scan_date": "2022-11-28T16:30:14.044Z", "wearer": 3}}, {"model": "closet.garmentwear", "pk": 106, "fields": {"garment": 1, "scan_date": "2022-11-27T16:30:14.044Z", "wearer": 3}}, {"model": "closet.garmentwear", "pk": 107, "fields": {"garment": 21, "scan_date": "2022-11-28T16:45:40.267Z", "wearer": 3}}, {"model": "closet.garmentwear", "pk": 109, "fields": {"garment": 15, "scan_date": "2022-11-29T15:59:25.651Z", "wearer": 3}}, {"model": "closet.garmentwear", "pk": 110, "fields": {"garment": 18, "scan_date": "2022-11-29T17:26:05.692Z", "wearer": 3}}, {"model": "closet.garmentwear", "pk": 112, "fields": {"garment": 20, "scan_date": "2022-11-27T19:42:53.095Z", "wearer": 3}}, {"model": "closet.garmentwear", "pk": 115, "fields": {"garment": 15, "scan_date": "2022-11-24T19:42:53.095Z", "wearer": 3}}, {"model": "closet.garmentwear", "pk": 116, "fields": {"garment": 14, "scan_date": "2022-11-24T19:42:53.095Z", "wearer": 3}}, {"model": "closet.garmentwear", "pk": 117, "fields": {"garment": 2, "scan_date": "2022-11-24T19:42:53.095Z", "wearer": 3}}, {"model": "closet.garmentwear", "pk": 118, "fields": {"garment": 19, "scan_date": "2022-11-24T19:42:53.095Z", "wearer": 3}}, {"model": "closet.garmentwear", "pk": 119, "fields": {"garment": 21, "scan_date": "2022-11-24T19:42:53.095Z", "wearer": 3}}, {"model": "closet.garmentwear", "pk": 120, "fields": {"garment": 15, "scan_date": "2022-11-23T19:42:53.095Z", "wearer": 3}}, {"model": "closet.garmentwear", "pk": 121, "fields": {"garment": 12, "scan_date": "2022-11-22T19:42:53.095Z", "wearer": 3}}, {"model": "closet.garmentwear", "pk": 122, "fields": {"garment": 12, "scan_date": "2022-11-22T19:42:53.095Z", "wearer": 3}}, {"model": "closet.garmentwear", "pk": 123, "fields": {"garment": 18, "scan_date": "2022-11-22T19:42:53.095Z", "wearer": 3}}, {"model": "closet.garmentwear", "pk": 124, "fields": {"garment": 2, "scan_date": "2022-11-22T19:42:53.095Z", "wearer": 3}}, {"model": "closet.garmentwear", "pk": 125, "fields": {"garment": 14, "scan_date": "2022-11-21T19:42:53.095Z", "wearer": 3}}, {"model": "closet.garmentwear", "pk": 126, "fields": {"garment": 19, "scan_date": "2022-11-21T19:42:53.095Z", "wearer": 3}}, {"model": "closet.garmentwear", "pk": 127, "fields": {"garment": 2, "scan_date": "2022-11-21T19:42:53.095Z", "wearer": 3}}, {"model": "closet.garmentwear", "pk": 128, "fields": {"garment": 12, "scan_date": "2022-11-20T19:42:53.095Z", "wearer": 3}}, {"model": "closet.garmentwear", "pk": 129, "fields": {"garment": 16, "scan_date": "2022-11-20T19:42:53.095Z", "wearer": 3}}, {"model": "closet.garmentwear", "pk": 130, "fields": {"garment": 18, "scan_date": "2022-11-20T19:42:53.095Z", "wearer": 3}}, {"model": "closet.garmentwear", "pk": 131, "fields": {"garment": 2, "scan_date": "2022-11-20T19:42:53.095Z", "wearer": 3}}, {"model": "closet.garmentwear", "pk": 132, "fields": {"garment": 16, "scan_date": "2022-11-19T19:42:53.095Z", "wearer": 3}}, {"model": "closet.garmentwear", "pk": 133, "fields": {"garment": 2, "scan_date": "2022-11-19T19:42:53.095Z", "wearer": 3}}, {"model": "closet.garmentwear", "pk": 134, "fields": {"garment": 15, "scan_date": "2022-11-19T19:42:53.095Z", "wearer": 3}}, {"model": "closet.garmentwear", "pk": 135, "fields": {"garment": 12, "scan_date": "2022-11-18T19:42:53.095Z", "wearer": 3}}, {"model": "closet.garmentwear", "pk": 136, "fields": {"garment": 20, "scan_date": "2022-11-18T19:42:53.095Z", "wearer": 3}}, {"model": "closet.garmentwear", "pk": 137, "fields": {"garment": 6, "scan_date": "2022-11-17T19:42:53.095Z", "wearer": 3}}, {"model": "closet.garmentwear", "pk": 138, "fields": {"garment": 14, "scan_date": "2022-11-17T19:42:53.095Z", "wearer": 3}}, {"model": "closet.garmentwear", "pk": 139, "fields": {"garment": 16, "scan_date": "2022-11-17T19:42:53.095Z", "wearer": 3}}, {"model": "closet.garmentwear", "pk": 140, "fields": {"garment": 2, "scan_date": "2022-11-16T19:42:53.095Z", "wearer": 3}}, {"model": "closet.garmentwear", "pk": 141, "fields": {"garment": 8, "scan_date": "2022-11-16T19:42:53.095Z", "wearer": 3}}, {"model": "closet.garmentwear", "pk": 142, "fields": {"garment": 15, "scan_date": "2022-11-16T19:42:53.095Z", "wearer": 3}}, {"model": "closet.garmentwear", "pk": 143, "fields": {"garment": 16, "scan_date": "2022-11-16T19:42:53.095Z", "wearer": 3}}, {"model": "closet.garmentwear", "pk": 144, "fields": {"garment": 2, "scan_date": "2022-11-26T20:31:17.471Z", "wearer": 3}}, {"model": "closet.garmentwear", "pk": 145, "fields": {"garment": 1, "scan_date": "2022-11-26T20:31:17.471Z", "wearer": 3}}, {"model": "closet.garmentwear", "pk": 146, "fields": {"garment": 20, "scan_date": "2022-11-26T20:31:17.471Z", "wearer": 3}}, {"model": "closet.garmentwear", "pk": 147, "fields": {"garment": 8, "scan_date": "2022-11-06T20:31:17.471Z", "wearer": 3}}, {"model": "closet.garmentwear", "pk": 148, "fields": {"garment": 11, "scan_date": "2022-11-06T20:31:17.471Z", "wearer": 3}}, {"model": "closet.garmentwear", "pk": 149, "fields": {"garment": 18, "scan_date": "2022-11-06T20:31:17.471Z", "wearer": 3}}, {"model": "closet.garmentwear", "pk": 150, "fields": {"garment": 21, "scan_date": "2022-11-06T20:31:17.471Z", "wearer": 3}}, {"model": "closet.garmentwear", "pk": 151, "fields": {"garment": 18, "scan_date": "2022-11-02T19:31:17.471Z", "wearer": 3}}, {"model": "closet.garmentwear", "pk": 152, "fields": {"garment": 18, "scan_date": "2022-11-02T19:31:17.471Z", "wearer": 3}}, {"model": "closet.garmentwear", "pk": 153, "fields": {"garment": 18, "scan_date": "2022-11-02T19:31:17.471Z", "wearer": 3}}, {"model": "closet.garmentwear", "pk": 154, "fields": {"garment": 15, "scan_date": "2022-10-18T19:31:17.471Z", "wearer": 3}}, {"model": "closet.garmentwear", "pk": 155, "fields": {"garment": 15, "scan_date": "2022-10-18T19:31:17.471Z", "wearer": 3}}, {"model": "closet.garmentwear", "pk": 156, "fields": {"garment": 15, "scan_date": "2022-10-18T19:31:17.471Z", "wearer": 3}}, {"model": "closet.garmentwear", "pk": 157, "fields": {"garment": 11, "scan_date": "2022-10-18T19:31:17.471Z", "wearer": 3}}, {"model": "closet.garmentwear", "pk": 158, "fields": {"garment": 2, "scan_date": "2022-10-18T19:31:17.471Z", "wearer": 3}}, {"model": "closet.garmentwear", "pk": 159, "fields": {"garment": 18, "scan_date": "2022-07-05T19:31:17.471Z", "wearer": 3}}, {"model": "closet.garmentwear", "pk": 160, "fields": {"garment": 15, "scan_date": "2022-07-05T19:31:17.471Z", "wearer": 3}}, {"model": "closet.garmentwear", "pk": 161, "fields": {"garment": 11, "scan_date": "2022-07-05T19:31:17.471Z", "wearer": 3}}, {"model": "closet.garmentwear", "pk": 162, "fields": {"garment": 1, "scan_date": "2022-11-30T22:06:24.526Z", "wearer": 3}}, {"model": "closet.garmentwear", "pk": 166, "fields": {"garment": 22, "scan_date": "2022-11-30T15:17:07.401Z", "wearer": 3}}, {"model": "closet.garmentwear", "pk": 167, "fields": {"garment": 23, "scan_date": "2022-11-30T15:17:07.401Z", "wearer": 3}}, {"model": "closet.garmentwear", "pk": 185, "fields": {"garment": 2, "scan_date": "2022-11-30T23:10:44.579Z", "wearer": 3}}, {"model": "closet.garmentwear", "pk": 186, "fields": {"garment": 1, "scan_date": "2022-12-01T00:34:44.193Z", "wearer": 3}}, {"model": "closet.garmentwear", "pk": 187, "fields": {"garment": 15, "scan_date": "2022-12-01T14:21:51.022Z", "wearer": 3}}, {"model": "closet.garmentwear", "pk": 188, "fields": {"garment": 20, "scan_date": "2022-12-01T14:21:51.022Z", "wearer": 3}}, {"model": "closet.garmentwear", "pk": 189, "fields": {"garment": 23, "scan_date": "2022-12-01T14:21:51.022Z", "wearer": 3}}, {"model": "closet.garmentwear", "pk": 190, "fields": {"garment": 24, "scan_date": "2022-12-01T14:21:51.022Z", "wearer": 3}}, {"model": "closet.garmentwear", "pk": 191, "fields": {"garment": 2, "scan_date": "2022-12-01T14:21:51.022Z", "wearer": 3}}, {"model": "closet.garmentwear", "pk": 192, "fields": {"garment": 1, "scan_date": "2022-12-02T14:41:36.963Z", "wearer": 3}}, {"model": "closet.garmentwear", "pk": 193, "fields": {"garment": 25, "scan_date": "2022-12-02T14:41:36.963Z", "wearer": 3}}, {"model": "closet.garmentwear", "pk": 194, "fields": {"garment": 26, "scan_date": "2022-12-05T17:39:07.742Z", "wearer": 3}}, {"model": "closet.garmentwear", "pk": 195, "fields": {"garment": 22, "scan_date": "2022-12-05T17:39:07.742Z", "wearer": 3}}, {"model": "auth.permission", "pk": 1, "fields": {"name": "Can add garment", "content_type": 1, "codename": "add_garment"}}, {"model": "auth.permission", "pk": 2, "fields": {"name": "Can change garment", "content_type": 1, "codename": "change_garment"}}, {"model": "auth.permission", "pk": 3, "fields": {"name": "Can delete garment", "content_type": 1, "codename": "delete_garment"}}, {"model": "auth.permission", "pk": 4, "fields": {"name": "Can view garment", "content_type": 1, "codename": "view_garment"}}, {"model": "auth.permission", "pk": 5, "fields": {"name": "Can add outfit", "content_type": 2, "codename": "add_outfit"}}, {"model": "auth.permission", "pk": 6, "fields": {"name": "Can change outfit", "content_type": 2, "codename": "change_outfit"}}, {"model": "auth.permission", "pk": 7, "fields": {"name": "Can delete outfit", "content_type": 2, "codename": "delete_outfit"}}, {"model": "auth.permission", "pk": 8, "fields": {"name": "Can view outfit", "content_type": 2, "codename": "view_outfit"}}, {"model": "auth.permission", "pk": 9, "fields": {"name": "Can add outfit wear", "content_type": 3, "codename": "add_outfitwear"}}, {"model": "auth.permission", "pk": 10, "fields": {"name": "Can change outfit wear", "content_type": 3, "codename": "change_outfitwear"}}, {"model": "auth.permission", "pk": 11, "fields": {"name": "Can delete outfit wear", "content_type": 3, "codename": "delete_outfitwear"}}, {"model": "auth.permission", "pk": 12, "fields": {"name": "Can view outfit wear", "content_type": 3, "codename": "view_outfitwear"}}, {"model": "auth.permission", "pk": 13, "fields": {"name": "Can add garment wear", "content_type": 4, "codename": "add_garmentwear"}}, {"model": "auth.permission", "pk": 14, "fields": {"name": "Can change garment wear", "content_type": 4, "codename": "change_garmentwear"}}, {"model": "auth.permission", "pk": 15, "fields": {"name": "Can delete garment wear", "content_type": 4, "codename": "delete_garmentwear"}}, {"model": "auth.permission", "pk": 16, "fields": {"name": "Can view garment wear", "content_type": 4, "codename": "view_garmentwear"}}, {"model": "auth.permission", "pk": 17, "fields": {"name": "Can add log entry", "content_type": 5, "codename": "add_logentry"}}, {"model": "auth.permission", "pk": 18, "fields": {"name": "Can change log entry", "content_type": 5, "codename": "change_logentry"}}, {"model": "auth.permission", "pk": 19, "fields": {"name": "Can delete log entry", "content_type": 5, "codename": "delete_logentry"}}, {"model": "auth.permission", "pk": 20, "fields": {"name": "Can view log entry", "content_type": 5, "codename": "view_logentry"}}, {"model": "auth.permission", "pk": 21, "fields": {"name": "Can add permission", "content_type": 6, "codename": "add_permission"}}, {"model": "auth.permission", "pk": 22, "fields": {"name": "Can change permission", "content_type": 6, "codename": "change_permission"}}, {"model": "auth.permission", "pk": 23, "fields": {"name": "Can delete permission", "content_type": 6, "codename": "delete_permission"}}, {"model": "auth.permission", "pk": 24, "fields": {"name": "Can view permission", "content_type": 6, "codename": "view_permission"}}, {"model": "auth.permission", "pk": 25, "fields": {"name": "Can add group", "content_type": 7, "codename": "add_group"}}, {"model": "auth.permission", "pk": 26, "fields": {"name": "Can change group", "content_type": 7, "codename": "change_group"}}, {"model": "auth.permission", "pk": 27, "fields": {"name": "Can delete group", "content_type": 7, "codename": "delete_group"}}, {"model": "auth.permission", "pk": 28, "fields": {"name": "Can view group", "content_type": 7, "codename": "view_group"}}, {"model": "auth.permission", "pk": 29, "fields": {"name": "Can add user", "content_type": 8, "codename": "add_user"}}, {"model": "auth.permission", "pk": 30, "fields": {"name": "Can change user", "content_type": 8, "codename": "change_user"}}, {"model": "auth.permission", "pk": 31, "fields": {"name": "Can delete user", "content_type": 8, "codename": "delete_user"}}, {"model": "auth.permission", "pk": 32, "fields": {"name": "Can view user", "content_type": 8, "codename": "view_user"}}, {"model": "auth.permission", "pk": 33, "fields": {"name": "Can add content type", "content_type": 9, "codename": "add_contenttype"}}, {"model": "auth.permission", "pk": 34, "fields": {"name": "Can change content type", "content_type": 9, "codename": "change_contenttype"}}, {"model": "auth.permission", "pk": 35, "fields": {"name": "Can delete content type", "content_type": 9, "codename": "delete_contenttype"}}, {"model": "auth.permission", "pk": 36, "fields": {"name": "Can view content type", "content_type": 9, "codename": "view_contenttype"}}, {"model": "auth.permission", "pk": 37, "fields": {"name": "Can add session", "content_type": 10, "codename": "add_session"}}, {"model": "auth.permission", "pk": 38, "fields": {"name": "Can change session", "content_type": 10, "codename": "change_session"}}, {"model": "auth.permission", "pk": 39, "fields": {"name": "Can delete session", "content_type": 10, "codename": "delete_session"}}, {"model": "auth.permission", "pk": 40, "fields": {"name": "Can view session", "content_type": 10, "codename": "view_session"}}, {"model": "auth.permission", "pk": 41, "fields": {"name": "Can add site", "content_type": 11, "codename": "add_site"}}, {"model": "auth.permission", "pk": 42, "fields": {"name": "Can change site", "content_type": 11, "codename": "change_site"}}, {"model": "auth.permission", "pk": 43, "fields": {"name": "Can delete site", "content_type": 11, "codename": "delete_site"}}, {"model": "auth.permission", "pk": 44, "fields": {"name": "Can view site", "content_type": 11, "codename": "view_site"}}, {"model": "auth.permission", "pk": 45, "fields": {"name": "Can add Token", "content_type": 12, "codename": "add_token"}}, {"model": "auth.permission", "pk": 46, "fields": {"name": "Can change Token", "content_type": 12, "codename": "change_token"}}, {"model": "auth.permission", "pk": 47, "fields": {"name": "Can delete Token", "content_type": 12, "codename": "delete_token"}}, {"model": "auth.permission", "pk": 48, "fields": {"name": "Can view Token", "content_type": 12, "codename": "view_token"}}, {"model": "auth.permission", "pk": 49, "fields": {"name": "Can add token", "content_type": 13, "codename": "add_tokenproxy"}}, {"model": "auth.permission", "pk": 50, "fields": {"name": "Can change token", "content_type": 13, "codename": "change_tokenproxy"}}, {"model": "auth.permission", "pk": 51, "fields": {"name": "Can delete token", "content_type": 13, "codename": "delete_tokenproxy"}}, {"model": "auth.permission", "pk": 52, "fields": {"name": "Can view token", "content_type": 13, "codename": "view_tokenproxy"}}, {"model": "auth.permission", "pk": 53, "fields": {"name": "Can add email address", "content_type": 14, "codename": "add_emailaddress"}}, {"model": "auth.permission", "pk": 54, "fields": {"name": "Can change email address", "content_type": 14, "codename": "change_emailaddress"}}, {"model": "auth.permission", "pk": 55, "fields": {"name": "Can delete email address", "content_type": 14, "codename": "delete_emailaddress"}}, {"model": "auth.permission", "pk": 56, "fields": {"name": "Can view email address", "content_type": 14, "codename": "view_emailaddress"}}, {"model": "auth.permission", "pk": 57, "fields": {"name": "Can add email confirmation", "content_type": 15, "codename": "add_emailconfirmation"}}, {"model": "auth.permission", "pk": 58, "fields": {"name": "Can change email confirmation", "content_type": 15, "codename": "change_emailconfirmation"}}, {"model": "auth.permission", "pk": 59, "fields": {"name": "Can delete email confirmation", "content_type": 15, "codename": "delete_emailconfirmation"}}, {"model": "auth.permission", "pk": 60, "fields": {"name": "Can view email confirmation", "content_type": 15, "codename": "view_emailconfirmation"}}, {"model": "auth.permission", "pk": 61, "fields": {"name": "Can add social account", "content_type": 16, "codename": "add_socialaccount"}}, {"model": "auth.permission", "pk": 62, "fields": {"name": "Can change social account", "content_type": 16, "codename": "change_socialaccount"}}, {"model": "auth.permission", "pk": 63, "fields": {"name": "Can delete social account", "content_type": 16, "codename": "delete_socialaccount"}}, {"model": "auth.permission", "pk": 64, "fields": {"name": "Can view social account", "content_type": 16, "codename": "view_socialaccount"}}, {"model": "auth.permission", "pk": 65, "fields": {"name": "Can add social application", "content_type": 17, "codename": "add_socialapp"}}, {"model": "auth.permission", "pk": 66, "fields": {"name": "Can change social application", "content_type": 17, "codename": "change_socialapp"}}, {"model": "auth.permission", "pk": 67, "fields": {"name": "Can delete social application", "content_type": 17, "codename": "delete_socialapp"}}, {"model": "auth.permission", "pk": 68, "fields": {"name": "Can view social application", "content_type": 17, "codename": "view_socialapp"}}, {"model": "auth.permission", "pk": 69, "fields": {"name": "Can add social application token", "content_type": 18, "codename": "add_socialtoken"}}, {"model": "auth.permission", "pk": 70, "fields": {"name": "Can change social application token", "content_type": 18, "codename": "change_socialtoken"}}, {"model": "auth.permission", "pk": 71, "fields": {"name": "Can delete social application token", "content_type": 18, "codename": "delete_socialtoken"}}, {"model": "auth.permission", "pk": 72, "fields": {"name": "Can view social application token", "content_type": 18, "codename": "view_socialtoken"}}, {"model": "auth.permission", "pk": 73, "fields": {"name": "Can add fashionista", "content_type": 19, "codename": "add_fashionista"}}, {"model": "auth.permission", "pk": 74, "fields": {"name": "Can change fashionista", "content_type": 19, "codename": "change_fashionista"}}, {"model": "auth.permission", "pk": 75, "fields": {"name": "Can delete fashionista", "content_type": 19, "codename": "delete_fashionista"}}, {"model": "auth.permission", "pk": 76, "fields": {"name": "Can view fashionista", "content_type": 19, "codename": "view_fashionista"}}, {"model": "auth.user", "pk": 1, "fields": {"password": "pbkdf2_sha256$390000$kKo6MqB8ZZeg38vjeldoSt$vYNU54i4WpKyHpMOTvZRDytVUIaMOVCi0yDxR0mdqeI=", "last_login": "2022-12-06T18:59:58.112Z", "is_superuser": true, "username": "admin", "first_name": "", "last_name": "", "email": "josef.taylor@gmail.com", "is_staff": true, "is_active": true, "date_joined": "2022-11-05T00:08:01.183Z", "groups": [], "user_permissions": []}}, {"model": "auth.user", "pk": 2, "fields": {"password": "pbkdf2_sha256$390000$LGHGc4mpXrez40rn41sXR6$HcdRtD/sJ1mYqwXjPfwI6juajZNMD7V9i0WeImsKkeU=", "last_login": "2022-12-02T23:58:27.999Z", "is_superuser": false, "username": "Amy", "first_name": "Amy", "last_name": "Kemp", "email": "josef.taylor@gmail.com", "is_staff": false, "is_active": true, "date_joined": "2022-11-08T22:03:59Z", "groups": [], "user_permissions": []}}, {"model": "auth.user", "pk": 3, "fields": {"password": "pbkdf2_sha256$390000$3fqCA22WIFwwsfRUsLQw81$KiTA+tBgqMPSUaK1Iz36EbEQhuAvLe7T1Pirm5aoziQ=", "last_login": "2022-12-05T16:35:07.174Z", "is_superuser": false, "username": "Joe", "first_name": "", "last_name": "", "email": "josef.taylor@gmail.com", "is_staff": false, "is_active": true, "date_joined": "2022-11-08T22:44:54.256Z", "groups": [], "user_permissions": []}}]